chart_year,artist,song,danceability,energy,key,loudness,mode,speechiness,acousticness,instrumentalness,liveness,valence,tempo,type,id,uri,track_href,analysis_url,duration_ms,time_signature
All time (1989),Joy Division,Love Will Tear Us Apart (1980),0.559,0.716,11.0,-3.964,0.0,0.39,0.737,0.0,0.252,0.504,176.618,audio_features,4jtyUzZm9WLc2AdaJ1dso7,spotify:track:4jtyUzZm9WLc2AdaJ1dso7,https://api.spotify.com/v1/tracks/4jtyUzZm9WLc2AdaJ1dso7,https://api.spotify.com/v1/audio-analysis/4jtyUzZm9WLc2AdaJ1dso7,275227.0,4.0
All time (1990),Joy Division,Love Will Tear Us Apart (1980),0.654,0.63,10.0,-4.644,1.0,0.0259,0.153,0.0,0.111,0.43,89.991,audio_features,2wrJq5XKLnmhRXHIAf9xBa,spotify:track:2wrJq5XKLnmhRXHIAf9xBa,https://api.spotify.com/v1/tracks/2wrJq5XKLnmhRXHIAf9xBa,https://api.spotify.com/v1/audio-analysis/2wrJq5XKLnmhRXHIAf9xBa,167693.0,4.0
All time (1991),Nirvana,Smells Like Teen Spirit (1991),0.783,0.479,7.0,-10.646,1.0,0.541,0.149,0.0,0.101,0.533,176.027,audio_features,3JKgcAa7r07ocVWcV8bS0H,spotify:track:3JKgcAa7r07ocVWcV8bS0H,https://api.spotify.com/v1/tracks/3JKgcAa7r07ocVWcV8bS0H,https://api.spotify.com/v1/audio-analysis/3JKgcAa7r07ocVWcV8bS0H,163798.0,4.0
1993,Denis Leary,Asshole,0.83,0.585,0.0,-6.476,1.0,0.094,0.237,0.0,0.248,0.485,109.978,audio_features,6Im9k8u9iIzKMrmV7BWtlF,spotify:track:6Im9k8u9iIzKMrmV7BWtlF,https://api.spotify.com/v1/tracks/6Im9k8u9iIzKMrmV7BWtlF,https://api.spotify.com/v1/audio-analysis/6Im9k8u9iIzKMrmV7BWtlF,173711.0,4.0
1994,The Cranberries,Zombie,0.813,0.557,10.0,-6.655,0.0,0.133,0.0547,0.0,0.128,0.764,83.012,audio_features,4wmZtoif8SGm7PDqgKrEXr,spotify:track:4wmZtoif8SGm7PDqgKrEXr,https://api.spotify.com/v1/tracks/4wmZtoif8SGm7PDqgKrEXr,https://api.spotify.com/v1/audio-analysis/4wmZtoif8SGm7PDqgKrEXr,104912.0,4.0
1995,Oasis,Wonderwall,0.52,0.852,0.0,-5.866,1.0,0.0543,0.00237,5.79e-05,0.0733,0.234,140.267,audio_features,58ge6dfP91o9oXMzq3XkIS,spotify:track:58ge6dfP91o9oXMzq3XkIS,https://api.spotify.com/v1/tracks/58ge6dfP91o9oXMzq3XkIS,https://api.spotify.com/v1/audio-analysis/58ge6dfP91o9oXMzq3XkIS,253587.0,4.0
1996,Spiderbait,Buy Me a Pony,0.618,0.717,7.0,-5.738,1.0,0.318,0.00256,0.0,0.625,0.603,190.05,audio_features,5NQbUaeTEOGdD6hHcre0dZ,spotify:track:5NQbUaeTEOGdD6hHcre0dZ,https://api.spotify.com/v1/tracks/5NQbUaeTEOGdD6hHcre0dZ,https://api.spotify.com/v1/audio-analysis/5NQbUaeTEOGdD6hHcre0dZ,196693.0,4.0
1997,The Whitlams,No Aphrodisiac,0.466,0.786,0.0,-5.13,1.0,0.0328,0.417,6.1e-05,0.125,0.571,203.903,audio_features,4obHzpwGrjoTuZh2DItEMZ,spotify:track:4obHzpwGrjoTuZh2DItEMZ,https://api.spotify.com/v1/tracks/4obHzpwGrjoTuZh2DItEMZ,https://api.spotify.com/v1/audio-analysis/4obHzpwGrjoTuZh2DItEMZ,210507.0,4.0
1998,The Offspring,Pretty Fly (For a White Guy),0.532,0.584,8.0,-5.254,1.0,0.0248,0.723,0.0,0.101,0.367,88.003,audio_features,0sKEilrw1GrBlG6qsTCrP4,spotify:track:0sKEilrw1GrBlG6qsTCrP4,https://api.spotify.com/v1/tracks/0sKEilrw1GrBlG6qsTCrP4,https://api.spotify.com/v1/audio-analysis/0sKEilrw1GrBlG6qsTCrP4,190680.0,4.0
All Time (1998),Nirvana,Smells Like Teen Spirit (1991),0.402,0.526,9.0,-6.741,0.0,0.0904,0.113,8.33e-06,0.105,0.312,81.404,audio_features,51EC3I1nQXpec4gDk0mQyP,spotify:track:51EC3I1nQXpec4gDk0mQyP,https://api.spotify.com/v1/tracks/51EC3I1nQXpec4gDk0mQyP,https://api.spotify.com/v1/audio-analysis/51EC3I1nQXpec4gDk0mQyP,339067.0,4.0
1999,Powderfinger,These Days,0.654,0.63,10.0,-4.644,1.0,0.0259,0.153,0.0,0.111,0.43,89.991,audio_features,2wrJq5XKLnmhRXHIAf9xBa,spotify:track:2wrJq5XKLnmhRXHIAf9xBa,https://api.spotify.com/v1/tracks/2wrJq5XKLnmhRXHIAf9xBa,https://api.spotify.com/v1/audio-analysis/2wrJq5XKLnmhRXHIAf9xBa,167693.0,4.0
2000,Powderfinger,My Happiness,0.777,0.712,10.0,-4.84,1.0,0.277,0.217,0.0,0.091,0.68,95.692,audio_features,7KbF6AdprOXEEHlsq11Z6d,spotify:track:7KbF6AdprOXEEHlsq11Z6d,https://api.spotify.com/v1/tracks/7KbF6AdprOXEEHlsq11Z6d,https://api.spotify.com/v1/audio-analysis/7KbF6AdprOXEEHlsq11Z6d,175733.0,4.0
2001,Alex Lloyd,Amazing,0.636,0.656,2.0,-5.542,0.0,0.0676,0.451,7.97e-06,0.287,0.439,171.918,audio_features,3KJ3opyV29269SXkPrc19l,spotify:track:3KJ3opyV29269SXkPrc19l,https://api.spotify.com/v1/tracks/3KJ3opyV29269SXkPrc19l,https://api.spotify.com/v1/audio-analysis/3KJ3opyV29269SXkPrc19l,151506.0,4.0
2002,Queens of the Stone Age,No One Knows,0.664,0.688,11.0,-6.466,0.0,0.0543,0.153,9.14e-05,0.173,0.65,106.022,audio_features,38td8VabuKlQt72Q2VnhbO,spotify:track:38td8VabuKlQt72Q2VnhbO,https://api.spotify.com/v1/tracks/38td8VabuKlQt72Q2VnhbO,https://api.spotify.com/v1/audio-analysis/38td8VabuKlQt72Q2VnhbO,230063.0,4.0
2003,Jet,Are You Gonna Be My Girl,0.825,0.572,6.0,-6.067,0.0,0.0864,0.0079,0.0,0.113,0.568,141.991,audio_features,75lcPkAkUsKWHGBlGM476R,spotify:track:75lcPkAkUsKWHGBlGM476R,https://api.spotify.com/v1/tracks/75lcPkAkUsKWHGBlGM476R,https://api.spotify.com/v1/audio-analysis/75lcPkAkUsKWHGBlGM476R,175954.0,4.0
2004,Franz Ferdinand,Take Me Out,0.756,0.867,7.0,-3.626,1.0,0.162,0.155,0.00285,0.33,0.666,129.983,audio_features,22WV03i2lBbwNVCE1g671p,spotify:track:22WV03i2lBbwNVCE1g671p,https://api.spotify.com/v1/tracks/22WV03i2lBbwNVCE1g671p,https://api.spotify.com/v1/audio-analysis/22WV03i2lBbwNVCE1g671p,156780.0,4.0
2005,Bernard Fanning,Wish You Well,0.607,0.45,0.0,-8.507,1.0,0.0338,0.0663,1.12e-05,0.107,0.121,105.992,audio_features,6akBF8JWM8lrpqejdwIfYI,spotify:track:6akBF8JWM8lrpqejdwIfYI,https://api.spotify.com/v1/tracks/6akBF8JWM8lrpqejdwIfYI,https://api.spotify.com/v1/audio-analysis/6akBF8JWM8lrpqejdwIfYI,244907.0,4.0
2006,Augie March,One Crowded Hour,0.558,0.364,5.0,-8.663,1.0,0.0502,0.169,9.94e-05,0.109,0.252,129.17,audio_features,034KyQEk7IhbLtniVhBErj,spotify:track:034KyQEk7IhbLtniVhBErj,https://api.spotify.com/v1/tracks/034KyQEk7IhbLtniVhBErj,https://api.spotify.com/v1/audio-analysis/034KyQEk7IhbLtniVhBErj,160737.0,4.0
2007,Muse,Knights of Cydonia,0.681,0.582,6.0,-7.76,0.0,0.0313,0.22,0.0,0.119,0.221,124.038,audio_features,3JjnGLK8IxkNLvo8Lb3KOM,spotify:track:3JjnGLK8IxkNLvo8Lb3KOM,https://api.spotify.com/v1/tracks/3JjnGLK8IxkNLvo8Lb3KOM,https://api.spotify.com/v1/audio-analysis/3JjnGLK8IxkNLvo8Lb3KOM,248360.0,4.0
2021,Olivia Rodrigo,Drivers License,0.6,0.535,4.0,-7.043,1.0,0.107,0.648,4.7e-06,0.162,0.269,71.912,audio_features,0CZ8lquoTX2Dkg7Ak2inwA,spotify:track:0CZ8lquoTX2Dkg7Ak2inwA,https://api.spotify.com/v1/tracks/0CZ8lquoTX2Dkg7Ak2inwA,https://api.spotify.com/v1/audio-analysis/0CZ8lquoTX2Dkg7Ak2inwA,225133.0,4.0
2021,Ariana Grande,34+35,0.773,0.75,8.0,-4.009,0.0,0.117,0.109,0.0,0.174,0.783,123.426,audio_features,0uxSUdBrJy9Un0EYoBowng,spotify:track:0uxSUdBrJy9Un0EYoBowng,https://api.spotify.com/v1/tracks/0uxSUdBrJy9Un0EYoBowng,https://api.spotify.com/v1/audio-analysis/0uxSUdBrJy9Un0EYoBowng,220587.0,4.0
2021,Lil Tjay Featuring 6LACK,Calling My Phone,0.783,0.479,7.0,-10.646,1.0,0.541,0.149,0.0,0.101,0.533,176.027,audio_features,3JKgcAa7r07ocVWcV8bS0H,spotify:track:3JKgcAa7r07ocVWcV8bS0H,https://api.spotify.com/v1/tracks/3JKgcAa7r07ocVWcV8bS0H,https://api.spotify.com/v1/audio-analysis/3JKgcAa7r07ocVWcV8bS0H,163798.0,4.0
2021,The Weeknd,Blinding Lights,0.932,0.547,0.0,-7.787,0.0,0.333,0.0388,0.0,0.0924,0.695,94.998,audio_features,4sjiIpEv617LDXaidKioOI,spotify:track:4sjiIpEv617LDXaidKioOI,https://api.spotify.com/v1/tracks/4sjiIpEv617LDXaidKioOI,https://api.spotify.com/v1/audio-analysis/4sjiIpEv617LDXaidKioOI,176640.0,4.0
2021,Cardi B,Up,0.804,0.383,7.0,-10.984,1.0,0.354,0.563,0.0,0.238,0.455,118.009,audio_features,2DnyKpPcFpC460wLJeGzOs,spotify:track:2DnyKpPcFpC460wLJeGzOs,https://api.spotify.com/v1/tracks/2DnyKpPcFpC460wLJeGzOs,https://api.spotify.com/v1/audio-analysis/2DnyKpPcFpC460wLJeGzOs,243246.0,4.0
2021,The Weeknd,Save Your Tears,0.868,0.638,2.0,-7.746,1.0,0.0736,0.146,0.0565,0.0931,0.459,126.03,audio_features,7v96VvFLS0wSYT8kewNLRy,spotify:track:7v96VvFLS0wSYT8kewNLRy,https://api.spotify.com/v1/tracks/7v96VvFLS0wSYT8kewNLRy,https://api.spotify.com/v1/audio-analysis/7v96VvFLS0wSYT8kewNLRy,182857.0,4.0
2021,24kGoldn Featuring iann dior,Mood,0.761,0.732,4.0,-5.469,0.0,0.0549,0.092,0.0,0.0716,0.542,151.982,audio_features,4NqQaovM14WR2hNPMFxgjb,spotify:track:4NqQaovM14WR2hNPMFxgjb,https://api.spotify.com/v1/tracks/4NqQaovM14WR2hNPMFxgjb,https://api.spotify.com/v1/audio-analysis/4NqQaovM14WR2hNPMFxgjb,243276.0,4.0
2021,Chris Brown & Young Thug,Go Crazy,0.561,0.286,2.0,-10.917,1.0,0.0266,0.852,3.56e-05,0.116,0.409,90.004,audio_features,2EcQY09CYgJ1qk6H1qZf8h,spotify:track:2EcQY09CYgJ1qk6H1qZf8h,https://api.spotify.com/v1/tracks/2EcQY09CYgJ1qk6H1qZf8h,https://api.spotify.com/v1/audio-analysis/2EcQY09CYgJ1qk6H1qZf8h,221720.0,4.0
2021,Dua Lipa Featuring DaBaby,Levitating,0.499,0.654,6.0,-6.782,1.0,0.11,0.0734,0.000144,0.104,0.0464,169.839,audio_features,2Y0y4yxzNmKceQ0nBK2Qwj,spotify:track:2Y0y4yxzNmKceQ0nBK2Qwj,https://api.spotify.com/v1/tracks/2Y0y4yxzNmKceQ0nBK2Qwj,https://api.spotify.com/v1/audio-analysis/2Y0y4yxzNmKceQ0nBK2Qwj,298520.0,4.0
2021,Ariana Grande,Positions,0.174,0.192,6.0,-24.333,1.0,0.0442,0.95,0.763,0.128,0.0346,142.664,audio_features,42dqgyAJNFTnlgfIIfNghx,spotify:track:42dqgyAJNFTnlgfIIfNghx,https://api.spotify.com/v1/tracks/42dqgyAJNFTnlgfIIfNghx,https://api.spotify.com/v1/audio-analysis/42dqgyAJNFTnlgfIIfNghx,97073.0,4.0
2021,Taylor Swift,Love Story (Taylor's Version),0.564,0.519,11.0,-7.878,1.0,0.0294,0.373,0.0,0.0938,0.35,81.028,audio_features,3VGGcNF0O9loBSuLveZEUU,spotify:track:3VGGcNF0O9loBSuLveZEUU,https://api.spotify.com/v1/tracks/3VGGcNF0O9loBSuLveZEUU,https://api.spotify.com/v1/audio-analysis/3VGGcNF0O9loBSuLveZEUU,222979.0,4.0
2021,Pop Smoke,What You Know Bout Love,0.472,0.448,6.0,-7.272,0.0,0.326,0.113,0.0,0.0914,0.636,166.077,audio_features,2ZltjIqztEpZtafc8w0I9t,spotify:track:2ZltjIqztEpZtafc8w0I9t,https://api.spotify.com/v1/tracks/2ZltjIqztEpZtafc8w0I9t,https://api.spotify.com/v1/audio-analysis/2ZltjIqztEpZtafc8w0I9t,234215.0,4.0
2021,Billie Eilish,Therefore I Am,0.843,0.388,1.0,-10.51,0.0,0.844,0.608,4.34e-05,0.12,0.0388,104.927,audio_features,6x8tGqhKi0CaigvlBGA7VF,spotify:track:6x8tGqhKi0CaigvlBGA7VF,https://api.spotify.com/v1/tracks/6x8tGqhKi0CaigvlBGA7VF,https://api.spotify.com/v1/audio-analysis/6x8tGqhKi0CaigvlBGA7VF,30579.0,4.0
2021,Pop Smoke Featuring Lil Baby & DaBaby,For The Night,0.42,0.701,1.0,-7.582,0.0,0.339,0.832,0.0,0.103,0.671,79.716,audio_features,5MvCurNMpM3WCCSs40cd37,spotify:track:5MvCurNMpM3WCCSs40cd37,https://api.spotify.com/v1/tracks/5MvCurNMpM3WCCSs40cd37,https://api.spotify.com/v1/audio-analysis/5MvCurNMpM3WCCSs40cd37,349040.0,4.0
2021,CJ,Whoopty,0.732,0.462,5.0,-10.191,0.0,0.406,0.126,0.0,0.12,0.117,180.067,audio_features,2iW6Hb6kfrz2K7EhPibFiq,spotify:track:2iW6Hb6kfrz2K7EhPibFiq,https://api.spotify.com/v1/tracks/2iW6Hb6kfrz2K7EhPibFiq,https://api.spotify.com/v1/audio-analysis/2iW6Hb6kfrz2K7EhPibFiq,170057.0,4.0
2021,Pooh Shiesty Featuring Lil Durk,Back In Blood,0.83,0.585,0.0,-6.476,1.0,0.094,0.237,0.0,0.248,0.485,109.978,audio_features,6Im9k8u9iIzKMrmV7BWtlF,spotify:track:6Im9k8u9iIzKMrmV7BWtlF,https://api.spotify.com/v1/tracks/6Im9k8u9iIzKMrmV7BWtlF,https://api.spotify.com/v1/audio-analysis/6Im9k8u9iIzKMrmV7BWtlF,173711.0,4.0
2021,Justin Bieber Featuring Chance The Rapper,Holy,0.773,0.595,8.0,-6.062,0.0,0.161,0.114,2.47e-06,0.13,0.338,123.968,audio_features,1SGt65i9AnXYdDQt1AtDRH,spotify:track:1SGt65i9AnXYdDQt1AtDRH,https://api.spotify.com/v1/tracks/1SGt65i9AnXYdDQt1AtDRH,https://api.spotify.com/v1/audio-analysis/1SGt65i9AnXYdDQt1AtDRH,461840.0,4.0
2021,SZA,Good Days,0.745,0.693,2.0,-5.479,0.0,0.034,0.339,0.0,0.123,0.248,98.039,audio_features,2XWjPtKdi5sucFYtVav07d,spotify:track:2XWjPtKdi5sucFYtVav07d,https://api.spotify.com/v1/tracks/2XWjPtKdi5sucFYtVav07d,https://api.spotify.com/v1/audio-analysis/2XWjPtKdi5sucFYtVav07d,181900.0,4.0
2021,Gabby Barrett Featuring Charlie Puth,I Hope,0.359,0.897,4.0,-6.359,1.0,0.095,0.00142,0.000559,0.105,0.355,157.88,audio_features,4xvNjUqX0t9ilsXSARVg13,spotify:track:4xvNjUqX0t9ilsXSARVg13,https://api.spotify.com/v1/tracks/4xvNjUqX0t9ilsXSARVg13,https://api.spotify.com/v1/audio-analysis/4xvNjUqX0t9ilsXSARVg13,229973.0,4.0
2021,Luke Combs,Better Together,0.712,0.661,3.0,-5.873,0.0,0.268,0.109,0.0,0.0626,0.836,152.065,audio_features,35zkqY6kIGshmm8HhE3eSi,spotify:track:35zkqY6kIGshmm8HhE3eSi,https://api.spotify.com/v1/tracks/35zkqY6kIGshmm8HhE3eSi,https://api.spotify.com/v1/audio-analysis/35zkqY6kIGshmm8HhE3eSi,173684.0,4.0
2021,Bad Bunny & Jhay Cortez,Dakiti,0.187,0.237,7.0,-22.685,1.0,0.0558,0.935,0.698,0.111,0.198,141.363,audio_features,7oCKrpWiz8QIn0Jkr0G6sR,spotify:track:7oCKrpWiz8QIn0Jkr0G6sR,https://api.spotify.com/v1/tracks/7oCKrpWiz8QIn0Jkr0G6sR,https://api.spotify.com/v1/audio-analysis/7oCKrpWiz8QIn0Jkr0G6sR,129500.0,4.0
2021,Justin Bieber & benny blanco,Lonely,0.688,0.489,0.0,-7.848,1.0,0.0378,0.00053,0.00292,0.143,0.364,94.27,audio_features,0vtJ9Dq53hfXE3KyP1yPni,spotify:track:0vtJ9Dq53hfXE3KyP1yPni,https://api.spotify.com/v1/tracks/0vtJ9Dq53hfXE3KyP1yPni,https://api.spotify.com/v1/audio-analysis/0vtJ9Dq53hfXE3KyP1yPni,183000.0,4.0
2021,Tate McRae,You Broke Me First.,0.142,0.074,8.0,-30.556,1.0,0.0448,0.948,0.903,0.0944,0.0438,141.91,audio_features,0AHZtMbyjHWhtWmqE8Egv7,spotify:track:0AHZtMbyjHWhtWmqE8Egv7,https://api.spotify.com/v1/tracks/0AHZtMbyjHWhtWmqE8Egv7,https://api.spotify.com/v1/audio-analysis/0AHZtMbyjHWhtWmqE8Egv7,176250.0,4.0
2021,Yung Bleu Featuring Drake,You're Mines Still,0.926,0.542,1.0,-5.064,1.0,0.293,0.135,0.0,0.0877,0.564,135.14,audio_features,6gxKUmycQX7uyMwJcweFjp,spotify:track:6gxKUmycQX7uyMwJcweFjp,https://api.spotify.com/v1/tracks/6gxKUmycQX7uyMwJcweFjp,https://api.spotify.com/v1/audio-analysis/6gxKUmycQX7uyMwJcweFjp,181929.0,4.0
2021,Taylor Swift,Willow,0.27,0.103,9.0,-27.18,1.0,0.0454,0.876,0.941,0.0819,0.0387,132.644,audio_features,0lD9X7rCCtgYzdduGOjqkN,spotify:track:0lD9X7rCCtgYzdduGOjqkN,https://api.spotify.com/v1/tracks/0lD9X7rCCtgYzdduGOjqkN,https://api.spotify.com/v1/audio-analysis/0lD9X7rCCtgYzdduGOjqkN,115000.0,4.0
2021,Megan Thee Stallion,Body,0.824,0.584,10.0,-7.098,0.0,0.221,0.0718,0.0,0.106,0.219,139.965,audio_features,3e7Y6sfFlIdBMJhX7wpqVO,spotify:track:3e7Y6sfFlIdBMJhX7wpqVO,https://api.spotify.com/v1/tracks/3e7Y6sfFlIdBMJhX7wpqVO,https://api.spotify.com/v1/audio-analysis/3e7Y6sfFlIdBMJhX7wpqVO,188600.0,4.0
2021,Doja Cat,Streets,0.446,0.657,7.0,-4.494,1.0,0.0262,0.0022,0.0,0.189,0.215,152.132,audio_features,420JGkyLfLUZcgBHKiIK9v,spotify:track:420JGkyLfLUZcgBHKiIK9v,https://api.spotify.com/v1/tracks/420JGkyLfLUZcgBHKiIK9v,https://api.spotify.com/v1/audio-analysis/420JGkyLfLUZcgBHKiIK9v,250093.0,3.0
2021,Justin Bieber,Anyone,0.781,0.489,1.0,-9.953,1.0,0.0771,0.114,0.000458,0.113,0.328,87.979,audio_features,2IYXP4uYB1fta61jcdIMil,spotify:track:2IYXP4uYB1fta61jcdIMil,https://api.spotify.com/v1/tracks/2IYXP4uYB1fta61jcdIMil,https://api.spotify.com/v1/audio-analysis/2IYXP4uYB1fta61jcdIMil,197407.0,4.0
2021,Machine Gun Kelly X blackbear,My Ex's Best Friend,0.711,0.699,6.0,-4.891,1.0,0.193,0.248,0.0,0.254,0.376,146.016,audio_features,6IoKSUyNOOheJRjiuGb1ew,spotify:track:6IoKSUyNOOheJRjiuGb1ew,https://api.spotify.com/v1/tracks/6IoKSUyNOOheJRjiuGb1ew,https://api.spotify.com/v1/audio-analysis/6IoKSUyNOOheJRjiuGb1ew,517810.0,4.0
2021,BRS Kash,Throat Baby (Go Baby),0.558,0.887,1.0,-8.083,1.0,0.276,0.132,0.0,0.89,0.535,119.893,audio_features,2wK7y55bzry7tUDmDqYaz7,spotify:track:2wK7y55bzry7tUDmDqYaz7,https://api.spotify.com/v1/tracks/2wK7y55bzry7tUDmDqYaz7,https://api.spotify.com/v1/audio-analysis/2wK7y55bzry7tUDmDqYaz7,247293.0,4.0
2021,AJR,Bang!,0.767,0.916,4.0,-7.391,0.0,0.0542,0.00154,0.919,0.0423,0.517,99.994,audio_features,0zpvNgwbNZyfQ2b9dqE6CL,spotify:track:0zpvNgwbNZyfQ2b9dqE6CL,https://api.spotify.com/v1/tracks/0zpvNgwbNZyfQ2b9dqE6CL,https://api.spotify.com/v1/audio-analysis/0zpvNgwbNZyfQ2b9dqE6CL,193280.0,4.0
2021,Lil Baby,On Me,0.52,0.852,0.0,-5.866,1.0,0.0543,0.00237,5.79e-05,0.0733,0.234,140.267,audio_features,58ge6dfP91o9oXMzq3XkIS,spotify:track:58ge6dfP91o9oXMzq3XkIS,https://api.spotify.com/v1/tracks/58ge6dfP91o9oXMzq3XkIS,https://api.spotify.com/v1/audio-analysis/58ge6dfP91o9oXMzq3XkIS,253587.0,4.0
2021,Lewis Capaldi,Before You Go,0.818,0.673,4.0,-7.542,0.0,0.148,0.348,0.0,0.172,0.695,87.961,audio_features,5jzEwSyyymBlf1fa1o39T2,spotify:track:5jzEwSyyymBlf1fa1o39T2,https://api.spotify.com/v1/tracks/5jzEwSyyymBlf1fa1o39T2,https://api.spotify.com/v1/audio-analysis/5jzEwSyyymBlf1fa1o39T2,193636.0,4.0
2021,Internet Money & Gunna Featuring Don Toliver & NAV,Lemonade,0.328,0.0686,0.0,-28.37,1.0,0.0496,0.983,0.664,0.0963,0.0364,138.593,audio_features,0vFOH96oqw1YZUs7ev5PW4,spotify:track:0vFOH96oqw1YZUs7ev5PW4,https://api.spotify.com/v1/tracks/0vFOH96oqw1YZUs7ev5PW4,https://api.spotify.com/v1/audio-analysis/0vFOH96oqw1YZUs7ev5PW4,116062.0,4.0
2021,Niko Moon,Good Time,0.518,0.952,6.0,-5.274,0.0,0.198,0.0287,0.0,0.381,0.622,171.905,audio_features,2alJKJoqOOEPVU1Do3eIjJ,spotify:track:2alJKJoqOOEPVU1Do3eIjJ,https://api.spotify.com/v1/tracks/2alJKJoqOOEPVU1Do3eIjJ,https://api.spotify.com/v1/audio-analysis/2alJKJoqOOEPVU1Do3eIjJ,235280.0,4.0
2021,Drake Featuring Lil Durk,Laugh Now Cry Later,0.671,0.729,2.0,-7.554,1.0,0.177,0.00122,0.00178,0.262,0.33,99.641,audio_features,72KtYadTtUchP2opNvcSWr,spotify:track:72KtYadTtUchP2opNvcSWr,https://api.spotify.com/v1/tracks/72KtYadTtUchP2opNvcSWr,https://api.spotify.com/v1/audio-analysis/72KtYadTtUchP2opNvcSWr,317640.0,4.0
2021,Chris Stapleton,Starting Over,0.868,0.512,8.0,-10.708,0.0,0.477,0.274,0.0,0.0706,0.715,150.002,audio_features,2z4cwnHBebyWzfOYRFRGXv,spotify:track:2z4cwnHBebyWzfOYRFRGXv,https://api.spotify.com/v1/tracks/2z4cwnHBebyWzfOYRFRGXv,https://api.spotify.com/v1/audio-analysis/2z4cwnHBebyWzfOYRFRGXv,147200.0,4.0
2021,Saweetie Featuring Doja Cat,Best Friend,0.847,0.522,1.0,-6.461,1.0,0.153,0.107,0.000233,0.144,0.276,122.935,audio_features,2oGY1X7Xd5kyL6B9s19D9A,spotify:track:2oGY1X7Xd5kyL6B9s19D9A,https://api.spotify.com/v1/tracks/2oGY1X7Xd5kyL6B9s19D9A,https://api.spotify.com/v1/audio-analysis/2oGY1X7Xd5kyL6B9s19D9A,227248.0,4.0
2021,Ritt Momney,Put Your Records On,0.287,0.953,7.0,-2.819,1.0,0.088,5.71e-06,4.73e-05,0.497,0.32,92.483,audio_features,7vlNJsXwdCNXpSCvC58jFa,spotify:track:7vlNJsXwdCNXpSCvC58jFa,https://api.spotify.com/v1/tracks/7vlNJsXwdCNXpSCvC58jFa,https://api.spotify.com/v1/audio-analysis/7vlNJsXwdCNXpSCvC58jFa,271283.0,4.0
2021,Parmalee x Blanco Brown,Just The Way,0.367,0.00162,4.0,-28.148,0.0,0.0562,0.986,0.075,0.134,0.146,128.923,audio_features,5SwvGQENYmZd7UoXHOHIza,spotify:track:5SwvGQENYmZd7UoXHOHIza,https://api.spotify.com/v1/tracks/5SwvGQENYmZd7UoXHOHIza,https://api.spotify.com/v1/audio-analysis/5SwvGQENYmZd7UoXHOHIza,322088.0,4.0
2021,Megan Thee Stallion Featuring DaBaby,Cry Baby,0.904,0.756,10.0,-3.746,1.0,0.32,0.0692,0.0,0.339,0.342,140.005,audio_features,28FGV3ORH14MYORd7s5dlU,spotify:track:28FGV3ORH14MYORd7s5dlU,https://api.spotify.com/v1/tracks/28FGV3ORH14MYORd7s5dlU,https://api.spotify.com/v1/audio-analysis/28FGV3ORH14MYORd7s5dlU,288087.0,4.0
2021,Darius Rucker,Beers And Sunshine,0.656,0.902,8.0,-9.453,0.0,0.0403,0.0793,0.871,0.0472,0.434,121.015,audio_features,5VDnV2q6OrlrPsHsDZtIP1,spotify:track:5VDnV2q6OrlrPsHsDZtIP1,https://api.spotify.com/v1/tracks/5VDnV2q6OrlrPsHsDZtIP1,https://api.spotify.com/v1/audio-analysis/5VDnV2q6OrlrPsHsDZtIP1,336092.0,4.0
2021,The Kid LAROI,Without You,0.843,0.535,6.0,-8.922,1.0,0.507,0.403,0.0,0.101,0.409,73.063,audio_features,4DNhuBSBRZ1DQn0PbBiBpF,spotify:track:4DNhuBSBRZ1DQn0PbBiBpF,https://api.spotify.com/v1/tracks/4DNhuBSBRZ1DQn0PbBiBpF,https://api.spotify.com/v1/audio-analysis/4DNhuBSBRZ1DQn0PbBiBpF,121853.0,4.0
2021,H.E.R.,Damage,0.742,0.572,6.0,-6.808,0.0,0.291,0.212,0.0,0.0983,0.236,119.234,audio_features,6PZiPEOlGm6fYxRTYHhC2n,spotify:track:6PZiPEOlGm6fYxRTYHhC2n,https://api.spotify.com/v1/tracks/6PZiPEOlGm6fYxRTYHhC2n,https://api.spotify.com/v1/audio-analysis/6PZiPEOlGm6fYxRTYHhC2n,225709.0,4.0
2021,BTS,Dynamite,0.261,0.29,4.0,-21.365,1.0,0.0403,0.947,0.634,0.0976,0.0665,66.172,audio_features,6RUOuyUt7978wDdDyBVx84,spotify:track:6RUOuyUt7978wDdDyBVx84,https://api.spotify.com/v1/tracks/6RUOuyUt7978wDdDyBVx84,https://api.spotify.com/v1/audio-analysis/6RUOuyUt7978wDdDyBVx84,168000.0,5.0
2021,Luke Bryan,Down To One,0.632,0.548,7.0,-6.438,1.0,0.0842,0.137,0.0,0.106,0.596,80.362,audio_features,07t4ML5fFkVP9TzrbY1byX,spotify:track:07t4ML5fFkVP9TzrbY1byX,https://api.spotify.com/v1/tracks/07t4ML5fFkVP9TzrbY1byX,https://api.spotify.com/v1/audio-analysis/07t4ML5fFkVP9TzrbY1byX,159000.0,4.0
2021,Erica Banks,Buss It,0.792,0.555,0.0,-7.038,1.0,0.34,0.0394,6.39e-06,0.107,0.084,99.954,audio_features,5H0NU2sHWUnWCcZyYlX46X,spotify:track:5H0NU2sHWUnWCcZyYlX46X,https://api.spotify.com/v1/tracks/5H0NU2sHWUnWCcZyYlX46X,https://api.spotify.com/v1/audio-analysis/5H0NU2sHWUnWCcZyYlX46X,273600.0,4.0
2021,Florida Georgia Line,Long Live,0.667,0.723,5.0,-4.31,0.0,0.27,0.0455,0.000193,0.213,0.251,148.058,audio_features,6tarvNiKnEjYMj1VZhlDqR,spotify:track:6tarvNiKnEjYMj1VZhlDqR,https://api.spotify.com/v1/tracks/6tarvNiKnEjYMj1VZhlDqR,https://api.spotify.com/v1/audio-analysis/6tarvNiKnEjYMj1VZhlDqR,153475.0,4.0
2021,Dua Lipa,We're Good,0.618,0.717,7.0,-5.738,1.0,0.318,0.00256,0.0,0.625,0.603,190.05,audio_features,5NQbUaeTEOGdD6hHcre0dZ,spotify:track:5NQbUaeTEOGdD6hHcre0dZ,https://api.spotify.com/v1/tracks/5NQbUaeTEOGdD6hHcre0dZ,https://api.spotify.com/v1/audio-analysis/5NQbUaeTEOGdD6hHcre0dZ,196693.0,4.0
2021,Moneybagg Yo,Time Today,0.51,0.989,2.0,-3.683,1.0,0.0868,0.0027,0.0,0.321,0.517,97.197,audio_features,1Uoh1ASBKif53olECpgCWz,spotify:track:1Uoh1ASBKif53olECpgCWz,https://api.spotify.com/v1/tracks/1Uoh1ASBKif53olECpgCWz,https://api.spotify.com/v1/audio-analysis/1Uoh1ASBKif53olECpgCWz,167120.0,4.0
2021,Nipsey Hussle & JAY-Z,What It Feels Like,0.508,0.834,2.0,-6.205,1.0,0.0386,0.0183,0.0,0.0732,0.774,139.131,audio_features,0GONea6G2XdnHWjNZd6zt3,spotify:track:0GONea6G2XdnHWjNZd6zt3,https://api.spotify.com/v1/tracks/0GONea6G2XdnHWjNZd6zt3,https://api.spotify.com/v1/audio-analysis/0GONea6G2XdnHWjNZd6zt3,216053.0,4.0
2021,Kelsea Ballerini,Hole In The Bottle,0.811,0.853,3.0,-4.692,1.0,0.0725,0.629,6.08e-05,0.0814,0.965,98.923,audio_features,66FBgvFrhWCUqjUSf5nNZl,spotify:track:66FBgvFrhWCUqjUSf5nNZl,https://api.spotify.com/v1/tracks/66FBgvFrhWCUqjUSf5nNZl,https://api.spotify.com/v1/audio-analysis/66FBgvFrhWCUqjUSf5nNZl,182499.0,3.0
2021,Morgan Wallen,Wasted On You,0.461,0.161,8.0,-11.145,1.0,0.405,0.878,0.0,0.17,0.353,88.781,audio_features,0H2MmFtJgoeywCIbAN3sid,spotify:track:0H2MmFtJgoeywCIbAN3sid,https://api.spotify.com/v1/tracks/0H2MmFtJgoeywCIbAN3sid,https://api.spotify.com/v1/audio-analysis/0H2MmFtJgoeywCIbAN3sid,132000.0,3.0
2021,SpotemGottem,Beat Box,0.903,0.48,8.0,-8.34,1.0,0.108,0.717,0.0,0.106,0.673,98.022,audio_features,1QC0kBXdJJZskViUhhpFSg,spotify:track:1QC0kBXdJJZskViUhhpFSg,https://api.spotify.com/v1/tracks/1QC0kBXdJJZskViUhhpFSg,https://api.spotify.com/v1/audio-analysis/1QC0kBXdJJZskViUhhpFSg,176723.0,4.0
2021,Gabby Barrett,The Good Ones,0.885,0.178,4.0,-17.65,0.0,0.283,0.0492,0.858,0.112,0.28,123.88,audio_features,2O2ZzyG6wUB8pVRcIWPOSP,spotify:track:2O2ZzyG6wUB8pVRcIWPOSP,https://api.spotify.com/v1/tracks/2O2ZzyG6wUB8pVRcIWPOSP,https://api.spotify.com/v1/audio-analysis/2O2ZzyG6wUB8pVRcIWPOSP,30589.0,4.0
2021,Thomas Rhett,What's Your Country Song,0.258,0.129,6.0,-27.348,1.0,0.0374,0.98,0.655,0.118,0.187,145.61,audio_features,6URJvy8H2QCh9fUZmN3C6i,spotify:track:6URJvy8H2QCh9fUZmN3C6i,https://api.spotify.com/v1/tracks/6URJvy8H2QCh9fUZmN3C6i,https://api.spotify.com/v1/audio-analysis/6URJvy8H2QCh9fUZmN3C6i,141250.0,4.0
2021,Morgan Wallen,Sand In My Boots,0.528,0.718,7.0,-6.954,1.0,0.0337,0.1,0.0,0.304,0.51,155.759,audio_features,7A4WmJcWx6KrVRfQ2CP8e7,spotify:track:7A4WmJcWx6KrVRfQ2CP8e7,https://api.spotify.com/v1/tracks/7A4WmJcWx6KrVRfQ2CP8e7,https://api.spotify.com/v1/audio-analysis/7A4WmJcWx6KrVRfQ2CP8e7,221400.0,4.0
2021,Harry Styles,Golden,0.591,0.449,1.0,-9.567,1.0,0.216,0.0079,0.0725,0.113,0.141,168.013,audio_features,6cs8wOglJn8GqaBKfvdcHc,spotify:track:6cs8wOglJn8GqaBKfvdcHc,https://api.spotify.com/v1/tracks/6cs8wOglJn8GqaBKfvdcHc,https://api.spotify.com/v1/audio-analysis/6cs8wOglJn8GqaBKfvdcHc,161620.0,4.0
2021,All Time Low Featuring Demi Lovato & blackbear ,Monsters,0.676,0.623,6.0,-7.297,0.0,0.0352,0.226,1.66e-05,0.159,0.347,111.466,audio_features,230wNo1dnexltKYQbsW7oD,spotify:track:230wNo1dnexltKYQbsW7oD,https://api.spotify.com/v1/tracks/230wNo1dnexltKYQbsW7oD,https://api.spotify.com/v1/audio-analysis/230wNo1dnexltKYQbsW7oD,209489.0,4.0
2021,Travis Scott & HVME,Goosebumps,0.781,0.881,7.0,-10.143,0.0,0.0686,0.441,0.649,0.11,0.445,119.002,audio_features,74LRqSi9vqy4vnxCLInNAw,spotify:track:74LRqSi9vqy4vnxCLInNAw,https://api.spotify.com/v1/tracks/74LRqSi9vqy4vnxCLInNAw,https://api.spotify.com/v1/audio-analysis/74LRqSi9vqy4vnxCLInNAw,307082.0,4.0
2021,Ava Max,My Head And My Heart,0.282,0.896,1.0,-8.417,1.0,0.0945,0.85,0.945,0.0791,0.195,96.585,audio_features,6QDgUxnHu3PVsmn1mLeh0b,spotify:track:6QDgUxnHu3PVsmn1mLeh0b,https://api.spotify.com/v1/tracks/6QDgUxnHu3PVsmn1mLeh0b,https://api.spotify.com/v1/audio-analysis/6QDgUxnHu3PVsmn1mLeh0b,36115.0,3.0
2021,Jack Harlow,Tyler Herro,0.485,0.834,9.0,-5.413,1.0,0.0715,0.0665,0.0,0.28,0.659,90.933,audio_features,58spuRyMUsjKHQHEGwLC99,spotify:track:58spuRyMUsjKHQHEGwLC99,https://api.spotify.com/v1/tracks/58spuRyMUsjKHQHEGwLC99,https://api.spotify.com/v1/audio-analysis/58spuRyMUsjKHQHEGwLC99,211767.0,4.0
2021,Brett Young,Lady,0.801,0.497,6.0,-8.983,0.0,0.0487,0.519,5.45e-05,0.0891,0.36,107.03,audio_features,6xiwKFReTZ7XlXpSi3x2Sb,spotify:track:6xiwKFReTZ7XlXpSi3x2Sb,https://api.spotify.com/v1/tracks/6xiwKFReTZ7XlXpSi3x2Sb,https://api.spotify.com/v1/audio-analysis/6xiwKFReTZ7XlXpSi3x2Sb,244486.0,4.0
2021,Glass Animals,Heat Waves,0.526,0.919,11.0,-4.702,0.0,0.32,0.194,0.0,0.037,0.704,180.069,audio_features,09EyrQlZFXMjTWJAcJRVbm,spotify:track:09EyrQlZFXMjTWJAcJRVbm,https://api.spotify.com/v1/tracks/09EyrQlZFXMjTWJAcJRVbm,https://api.spotify.com/v1/audio-analysis/09EyrQlZFXMjTWJAcJRVbm,217367.0,4.0
2021,Ed Sheeran,Afterglow,0.704,0.838,2.0,-5.744,1.0,0.0289,0.0677,0.00669,0.121,0.699,121.972,audio_features,0seE1aF8gzSPH79Dcvcbw2,spotify:track:0seE1aF8gzSPH79Dcvcbw2,https://api.spotify.com/v1/tracks/0seE1aF8gzSPH79Dcvcbw2,https://api.spotify.com/v1/audio-analysis/0seE1aF8gzSPH79Dcvcbw2,290933.0,4.0
2021,Luke Combs,Forever After All,0.448,0.413,5.0,-7.411,1.0,0.0511,0.575,0.0,0.121,0.406,169.319,audio_features,3qePCADpvWQ38YCLxXBrdU,spotify:track:3qePCADpvWQ38YCLxXBrdU,https://api.spotify.com/v1/tracks/3qePCADpvWQ38YCLxXBrdU,https://api.spotify.com/v1/audio-analysis/3qePCADpvWQ38YCLxXBrdU,155729.0,4.0
2021,Black Eyed Peas X Shakira,Girl Like Me,0.154,0.0696,3.0,-26.425,1.0,0.0388,0.98,0.566,0.111,0.0935,140.083,audio_features,5H4Cs3XIkgOJSTp8KWYbXs,spotify:track:5H4Cs3XIkgOJSTp8KWYbXs,https://api.spotify.com/v1/tracks/5H4Cs3XIkgOJSTp8KWYbXs,https://api.spotify.com/v1/audio-analysis/5H4Cs3XIkgOJSTp8KWYbXs,116250.0,4.0
2021,Masked Wolf,Astronaut In The Ocean,0.532,0.584,8.0,-5.254,1.0,0.0248,0.723,0.0,0.101,0.367,88.003,audio_features,0sKEilrw1GrBlG6qsTCrP4,spotify:track:0sKEilrw1GrBlG6qsTCrP4,https://api.spotify.com/v1/tracks/0sKEilrw1GrBlG6qsTCrP4,https://api.spotify.com/v1/audio-analysis/0sKEilrw1GrBlG6qsTCrP4,190680.0,4.0
2021,Bad Bunny & ROSALIA,La Noche de Anoche,0.547,0.636,4.0,-8.739,0.0,0.443,0.112,1.01e-05,0.142,0.416,173.961,audio_features,0gmYtRyuvRKpd6cCApSDTh,spotify:track:0gmYtRyuvRKpd6cCApSDTh,https://api.spotify.com/v1/tracks/0gmYtRyuvRKpd6cCApSDTh,https://api.spotify.com/v1/audio-analysis/0gmYtRyuvRKpd6cCApSDTh,111810.0,4.0
2021,Coi Leray,No More Parties,0.409,0.678,9.0,-7.731,1.0,0.0878,0.359,4.76e-06,0.167,0.168,89.968,audio_features,6TodWdTSDfzwgYynTZSvJn,spotify:track:6TodWdTSDfzwgYynTZSvJn,https://api.spotify.com/v1/tracks/6TodWdTSDfzwgYynTZSvJn,https://api.spotify.com/v1/audio-analysis/6TodWdTSDfzwgYynTZSvJn,280842.0,4.0
2021,Morgan Wallen,Somebody's Problem,0.725,0.419,0.0,-15.029,1.0,0.34,0.00322,0.876,0.0769,0.552,162.018,audio_features,6C0ZkhjcCNK8JsmuN43Vv2,spotify:track:6C0ZkhjcCNK8JsmuN43Vv2,https://api.spotify.com/v1/tracks/6C0ZkhjcCNK8JsmuN43Vv2,https://api.spotify.com/v1/audio-analysis/6C0ZkhjcCNK8JsmuN43Vv2,142237.0,4.0
2021,Dustin Lynch,Momma's House,0.402,0.526,9.0,-6.741,0.0,0.0904,0.113,8.33e-06,0.105,0.312,81.404,audio_features,51EC3I1nQXpec4gDk0mQyP,spotify:track:51EC3I1nQXpec4gDk0mQyP,https://api.spotify.com/v1/tracks/51EC3I1nQXpec4gDk0mQyP,https://api.spotify.com/v1/audio-analysis/51EC3I1nQXpec4gDk0mQyP,339067.0,4.0
2021,Eric Church,Hell Of A View,0.795,0.655,7.0,-3.815,1.0,0.0422,0.076,1.76e-06,0.296,0.744,93.029,audio_features,2TksvaRivgAEj780DgRB73,spotify:track:2TksvaRivgAEj780DgRB73,https://api.spotify.com/v1/tracks/2TksvaRivgAEj780DgRB73,https://api.spotify.com/v1/audio-analysis/2TksvaRivgAEj780DgRB73,215891.0,4.0
2021,Giveon,Heartbreak Anniversary,0.798,0.733,7.0,-4.811,0.0,0.0476,0.265,1.25e-06,0.114,0.861,146.046,audio_features,1D2L6MefbXon28PzIk9I3r,spotify:track:1D2L6MefbXon28PzIk9I3r,https://api.spotify.com/v1/tracks/1D2L6MefbXon28PzIk9I3r,https://api.spotify.com/v1/audio-analysis/1D2L6MefbXon28PzIk9I3r,211427.0,4.0
2021,Pooh Shiesty Featuring BIG30,Neighbors,0.59,0.672,1.0,-11.792,1.0,0.412,0.125,1.04e-06,0.147,0.688,206.247,audio_features,0PV1TFUMTBrDETzW6KQulB,spotify:track:0PV1TFUMTBrDETzW6KQulB,https://api.spotify.com/v1/tracks/0PV1TFUMTBrDETzW6KQulB,https://api.spotify.com/v1/audio-analysis/0PV1TFUMTBrDETzW6KQulB,286440.0,4.0
2021,Jason Derulo Featuring Adam Levine,Lifestyle,0.706,0.558,7.0,-5.253,1.0,0.0525,0.0792,0.0,0.162,0.212,112.975,audio_features,691df0fYjhhszUgQH3FGvP,spotify:track:691df0fYjhhszUgQH3FGvP,https://api.spotify.com/v1/tracks/691df0fYjhhszUgQH3FGvP,https://api.spotify.com/v1/audio-analysis/691df0fYjhhszUgQH3FGvP,169405.0,4.0
2021,The Kid LAROI,So Done,0.883,0.54,5.0,-9.972,1.0,0.0351,0.0238,0.016,0.0409,0.906,109.93,audio_features,6S7FhjeIvnVM18vzW6Di7R,spotify:track:6S7FhjeIvnVM18vzW6Di7R,https://api.spotify.com/v1/tracks/6S7FhjeIvnVM18vzW6Di7R,https://api.spotify.com/v1/audio-analysis/6S7FhjeIvnVM18vzW6Di7R,168670.0,4.0
2021,Tenille Arts,Somebody Like That,0.154,0.0244,11.0,-30.859,1.0,0.0399,0.985,0.954,0.109,0.0336,137.961,audio_features,6pxUCNb8Yrv0sIeIc6IO7D,spotify:track:6pxUCNb8Yrv0sIeIc6IO7D,https://api.spotify.com/v1/tracks/6pxUCNb8Yrv0sIeIc6IO7D,https://api.spotify.com/v1/audio-analysis/6pxUCNb8Yrv0sIeIc6IO7D,107864.0,4.0
2021,Lil Durk Featuring Lil Baby,Finesse Out The Gang Way,0.462,0.517,1.0,-12.017,1.0,0.369,0.47,0.0,0.147,0.656,79.585,audio_features,1qzlwbV6SwHYOR3mhu6ZEd,spotify:track:1qzlwbV6SwHYOR3mhu6ZEd,https://api.spotify.com/v1/tracks/1qzlwbV6SwHYOR3mhu6ZEd,https://api.spotify.com/v1/audio-analysis/1qzlwbV6SwHYOR3mhu6ZEd,250737.0,4.0
2021,DaBaby,Masterpiece,0.608,0.59,1.0,-12.1,0.0,0.752,0.44,0.0,0.327,0.907,175.8,audio_features,6EEqI230VaiijRggRAL3rR,spotify:track:6EEqI230VaiijRggRAL3rR,https://api.spotify.com/v1/tracks/6EEqI230VaiijRggRAL3rR,https://api.spotify.com/v1/audio-analysis/6EEqI230VaiijRggRAL3rR,129693.0,4.0
2021,DDG,Moonwalking In Calabasas,0.494,0.887,6.0,-4.297,0.0,0.398,0.00661,0.0,0.103,0.548,89.554,audio_features,7sLpSWxQazJzDVG6YGzlVs,spotify:track:7sLpSWxQazJzDVG6YGzlVs,https://api.spotify.com/v1/tracks/7sLpSWxQazJzDVG6YGzlVs,https://api.spotify.com/v1/audio-analysis/7sLpSWxQazJzDVG6YGzlVs,234627.0,4.0
